city,state,energy_burden,household_income,avg_annual_energy_cost,risk_label
Adelanto,California,4.0,78858.0,3215.0,1
Agoura Hills,California,2.0,256846.0,4563.0,0
Alameda,California,1.0,172637.0,1522.0,0
Albany,California,1.0,186562.0,1997.0,0
Alhambra,California,2.0,110962.0,1900.0,0
Aliso Viejo,California,1.0,186033.0,2246.0,0
Alturas,California,4.0,60275.0,2684.0,1
American Canyon,California,2.0,168561.0,3146.0,0
Anaheim,California,1.0,120260.0,1657.0,0
Anderson,California,4.0,72223.0,2741.0,1
Angels,California,4.0,88070.0,3178.0,1
Antioch,California,2.0,121232.0,2880.0,0
Apple Valley,California,4.0,89213.0,3271.0,1
Arcadia,California,2.0,150491.0,2439.0,0
Arcata,California,3.0,63642.0,2068.0,1
Arroyo Grande,California,1.0,120932.0,1657.0,0
Artesia,California,2.0,110973.0,2157.0,0
Arvin,California,5.0,54244.0,2463.0,1
Atascadero,California,2.0,125855.0,2307.0,0
Atherton,California,1.0,443675.0,5054.0,0
Atwater,California,3.0,84919.0,2455.0,1
Auburn,California,3.0,107661.0,2879.0,1
Avalon,California,2.0,113095.0,2349.0,0
Avenal,California,5.0,57917.0,2723.0,1
Azusa,California,2.0,103795.0,1787.0,0
Bakersfield,California,3.0,99042.0,2823.0,1
Baldwin Park,California,2.0,94937.0,2343.0,0
Banning,California,3.0,79080.0,2752.0,1
Barstow,California,4.0,68709.0,2776.0,1
Beaumont,California,3.0,101139.0,2615.0,1
Bell,California,2.0,71861.0,1564.0,0
Bellflower,California,2.0,92255.0,1897.0,0
Bell Gardens,California,2.0,67671.0,1550.0,0
Belmont,California,1.0,316327.0,2883.0,0
Benicia,California,2.0,145986.0,2605.0,0
Berkeley,California,1.0,166516.0,1939.0,0
Beverly Hills,California,2.0,216447.0,3440.0,0
Big Bear Lake,California,3.0,104982.0,2657.0,1
Bishop,California,4.0,82927.0,3028.0,1
Blythe,California,4.0,72849.0,2866.0,1
Brawley,California,3.0,83631.0,2388.0,1
Brea,California,2.0,145490.0,2400.0,0
Brentwood,California,2.0,162090.0,3126.0,0
Brisbane,California,1.0,218771.0,2348.0,0
Buellton,California,1.0,141790.0,1918.0,0
Buena Park,California,2.0,131313.0,2050.0,0
Burbank,California,1.0,127869.0,1568.0,0
Burbank,California,1.0,160298.0,2204.0,0
Burlingame,California,1.0,294294.0,3164.0,0
Calabasas,California,2.0,243113.0,4290.0,0
Calexico,California,3.0,69478.0,2401.0,1
California City,California,4.0,75896.0,3082.0,1
Calimesa,California,2.0,118050.0,2690.0,0
Calipatria,California,5.0,44710.0,2184.0,1
Calistoga,California,2.0,136444.0,2681.0,0
Camarillo,California,2.0,144863.0,2229.0,0
Campbell,California,1.0,218958.0,2430.0,0
Canyon Lake,California,2.0,133642.0,2868.0,0
Capitola,California,1.0,150978.0,2025.0,0
Carlsbad,California,1.0,183695.0,2447.0,0
Carmel-by-the-Sea,California,2.0,177146.0,2716.0,0
Carpinteria,California,1.0,159371.0,1913.0,0
Carson,California,2.0,125269.0,2076.0,0
Cathedral City,California,3.0,98498.0,3041.0,1
Ceres,California,3.0,86592.0,2396.0,1
Cerritos,California,2.0,148963.0,2288.0,0
Chico,California,3.0,92256.0,2431.0,1
Chino,California,2.0,124864.0,2459.0,0
Chino Hills,California,2.0,146416.0,2655.0,0
Chowchilla,California,4.0,73303.0,2720.0,1
Chula Vista,California,2.0,124677.0,2066.0,0
Citrus Heights,California,2.0,92698.0,2050.0,0
Claremont,California,2.0,151268.0,2651.0,0
Clayton,California,2.0,231745.0,3922.0,0
Clearlake,California,5.0,59491.0,2677.0,1
Cloverdale,California,2.0,124415.0,2507.0,0
Clovis,California,2.0,127733.0,2910.0,0
Coachella,California,4.0,68390.0,2759.0,1
Coalinga,California,3.0,88545.0,2383.0,1
Colton,California,2.0,83902.0,1983.0,0
Colusa,California,3.0,101868.0,2622.0,1
Commerce,California,2.0,90742.0,1781.0,0
Compton,California,2.0,84091.0,2049.0,0
Concord,California,2.0,149357.0,2724.0,0
Corcoran,California,4.0,70252.0,2567.0,1
Corning,California,4.0,69740.0,2511.0,1
Corona,California,2.0,130456.0,2672.0,0
Coronado,California,1.0,193851.0,2462.0,0
Corte Madera,California,1.0,328098.0,3050.0,0
Costa Mesa,California,1.0,146347.0,1748.0,0
Cotati,California,2.0,118388.0,2224.0,0
Covina,California,2.0,116837.0,2266.0,0
Crescent City,California,4.0,58742.0,2127.0,1
Cudahy,California,2.0,60418.0,1467.0,0
Culver City,California,1.0,167315.0,2358.0,0
Cupertino,California,1.0,334409.0,3232.0,0
Cypress,California,1.0,152267.0,2133.0,0
Daly City,California,1.0,189173.0,2619.0,0
Dana Point,California,1.0,171469.0,2228.0,0
Danville,California,1.0,265612.0,3696.0,0
Davis,California,2.0,115652.0,2152.0,0
Delano,California,4.0,72176.0,2769.0,1
Del Mar,California,1.0,240116.0,2439.0,0
Desert Hot Springs,California,4.0,71268.0,2937.0,1
Diamond Bar,California,2.0,138683.0,2405.0,0
Dinuba,California,3.0,82230.0,2468.0,1
Dixon,California,2.0,116225.0,2648.0,0
Dos Palos,California,3.0,82521.0,2806.0,1
Downey,California,2.0,113670.0,2106.0,0
Duarte,California,2.0,113989.0,2189.0,0
Dublin,California,1.0,219699.0,2581.0,0
East Palo Alto,California,1.0,276283.0,3879.0,0
Eastvale,California,2.0,173394.0,2863.0,0
El Cajon,California,2.0,90462.0,1844.0,0
El Centro,California,3.0,72958.0,2341.0,1
El Cerrito,California,1.0,160478.0,2314.0,0
El Cerrito,California,2.0,143214.0,3182.0,0
Elk Grove,California,2.0,136213.0,2331.0,0
El Monte,California,2.0,79787.0,1892.0,0
El Paso de Robles (Paso Robles),California,2.0,112991.0,2307.0,0
El Segundo,California,1.0,190706.0,1802.0,0
Emeryville,California,1.0,150600.0,1139.0,0
Encinitas,California,1.0,194195.0,2598.0,0
Escalon,California,3.0,110059.0,2922.0,1
Escondido,California,2.0,99259.0,2189.0,0
Eureka,California,3.0,78273.0,2479.0,1
Exeter,California,3.0,95215.0,2813.0,1
Fairfax,California,5.0,63321.0,3216.0,1
Fairfax,California,1.0,243056.0,3103.0,0
Fairfield,California,2.0,115535.0,2551.0,0
Farmersville,California,5.0,60656.0,2836.0,1
Fillmore,California,2.0,126738.0,2409.0,0
Firebaugh,California,5.0,49785.0,2363.0,1
Folsom,California,1.0,166071.0,2203.0,0
Fontana,California,2.0,112684.0,2415.0,0
Fort Bragg,California,4.0,71350.0,2563.0,1
Fortuna,California,3.0,82340.0,2488.0,1
Foster City,California,1.0,274657.0,2346.0,0
Fountain Valley,California,1.0,150146.0,2193.0,0
Fowler,California,3.0,89555.0,2879.0,1
Fremont,California,1.0,206457.0,2313.0,0
Fresno,California,3.0,87905.0,2718.0,1
Fullerton,California,2.0,135477.0,2370.0,0
Galt,California,2.0,112317.0,2190.0,0
Gardena,California,2.0,94535.0,1768.0,0
Garden Grove,California,2.0,115693.0,1978.0,0
Gilroy,California,2.0,186546.0,3160.0,0
Glendale,California,2.0,117623.0,1821.0,0
Glendora,California,2.0,138416.0,2672.0,0
Goleta,California,1.0,163835.0,2002.0,0
Gonzales,California,3.0,75614.0,2025.0,1
Grand Terrace,California,2.0,113653.0,2192.0,0
Grass Valley,California,3.0,79543.0,2554.0,1
Greenfield,California,3.0,80391.0,2771.0,1
Greenfield,California,2.0,97030.0,2201.0,0
Gridley,California,3.0,92360.0,3088.0,1
Grover Beach,California,2.0,102963.0,1605.0,0
Guadalupe,California,2.0,99869.0,2170.0,0
Gustine,California,4.0,71333.0,2516.0,1
Half Moon Bay,California,1.0,290271.0,3054.0,0
Hanford,California,3.0,97383.0,2803.0,1
Hawaiian Gardens,California,2.0,95802.0,1902.0,0
Hawthorne,California,2.0,95087.0,1596.0,0
Hayward,California,2.0,135114.0,2262.0,0
Healdsburg,California,2.0,140879.0,2828.0,0
Hemet,California,3.0,71471.0,2489.0,1
Hercules,California,2.0,159705.0,2497.0,0
Hermosa Beach,California,1.0,211716.0,1888.0,0
Hesperia,California,4.0,83687.0,3266.0,1
Highland,California,3.0,105965.0,2698.0,1
Hillsborough,California,1.0,423024.0,4931.0,0
Hollister,California,2.0,124699.0,2497.0,0
Holtville,California,3.0,79734.0,2369.0,1
Hughson,California,2.0,116335.0,2394.0,0
Huntington Beach,California,1.0,155130.0,2014.0,0
Huntington Park,California,2.0,70572.0,1547.0,0
Huron,California,4.0,70669.0,2480.0,1
Imperial,California,3.0,102920.0,2616.0,1
Imperial Beach,California,2.0,91836.0,1588.0,0
Indian Wells,California,2.0,132796.0,3029.0,0
Indio,California,3.0,92781.0,2806.0,1
Inglewood,California,2.0,88595.0,1873.0,0
Ione,California,3.0,96749.0,2867.0,1
Irvine,California,1.0,170802.0,2007.0,0
Jackson,California,3.0,94540.0,2963.0,1
Jurupa Valley,California,2.0,118121.0,2648.0,0
Kerman,California,3.0,84141.0,2614.0,1
King City,California,3.0,77988.0,2048.0,1
Kingsburg,California,3.0,95563.0,2834.0,1
La Cañada Flintridge,California,1.0,258563.0,3624.0,0
Lafayette,California,1.0,294666.0,3606.0,0
Laguna Beach,California,1.0,212824.0,2725.0,0
Laguna Hills,California,1.0,168955.0,2336.0,0
Laguna Niguel,California,1.0,190703.0,2383.0,0
Laguna Woods,California,2.0,101792.0,1756.0,0
La Habra,California,2.0,124298.0,2362.0,0
La Habra Heights,California,1.0,244025.0,3045.0,0
Lake Elsinore,California,2.0,108402.0,2579.0,0
Lake Forest,California,1.0,173124.0,2577.0,0
Lakeport,California,3.0,89854.0,2739.0,1
Lakewood,California,2.0,135376.0,2094.0,0
La Mesa,California,2.0,114607.0,1948.0,0
La Mirada,California,2.0,121829.0,2223.0,0
Lancaster,California,3.0,89052.0,2772.0,1
La Palma,California,2.0,146198.0,2210.0,0
La Puente,California,2.0,103841.0,2223.0,0
La Quinta,California,2.0,137954.0,3124.0,0
Larkspur,California,1.0,293840.0,2817.0,0
Lathrop,California,2.0,125837.0,3061.0,0
La Verne,California,2.0,134399.0,2636.0,0
Lawndale,California,2.0,93697.0,1908.0,0
Lemon Grove,California,2.0,102376.0,2247.0,0
Lemoore,California,3.0,90034.0,2540.0,1
Lincoln,California,2.0,134106.0,2855.0,0
Lindsay,California,4.0,60823.0,2734.0,1
Live Oak,California,1.0,166858.0,2267.0,0
Live Oak,California,3.0,88553.0,3048.0,1
Livermore,California,1.0,201316.0,2835.0,0
Livingston,California,3.0,80937.0,2465.0,1
Lodi,California,2.0,102762.0,2317.0,0
Loma Linda,California,2.0,92634.0,2014.0,0
Lomita,California,2.0,150658.0,2281.0,0
Lompoc,California,2.0,85612.0,2024.0,0
Long Beach,California,2.0,108236.0,1769.0,0
Loomis,California,2.0,150342.0,3148.0,0
Los Alamitos,California,1.0,140701.0,1941.0,0
Los Altos,California,1.0,400389.0,3590.0,0
Los Altos Hills,California,1.0,417258.0,4210.0,0
Los Angeles,California,2.0,119099.0,2024.0,0
Los Banos,California,3.0,91102.0,2743.0,1
Los Gatos,California,1.0,337831.0,3420.0,0
Lynwood,California,2.0,87713.0,1871.0,0
McFarland,California,4.0,66910.0,2436.0,1
Madera,California,3.0,85199.0,2699.0,1
Malibu,California,2.0,278650.0,4870.0,0
Mammoth Lakes,California,3.0,100856.0,2822.0,1
Manhattan Beach,California,1.0,258485.0,2316.0,0
Manteca,California,3.0,108995.0,2800.0,1
Marina,California,2.0,118015.0,2130.0,0
Martinez,California,2.0,160012.0,2546.0,0
Marysville,California,3.0,68919.0,2351.0,1
Maywood,California,2.0,72249.0,1601.0,0
Mendota,California,5.0,49136.0,2374.0,1
Menifee,California,2.0,110168.0,2503.0,0
Menlo Park,California,1.0,350839.0,3668.0,0
Merced,California,3.0,74823.0,2313.0,1
Millbrae,California,1.0,291518.0,3291.0,0
Mill Valley,California,1.0,355451.0,3350.0,0
Milpitas,California,1.0,228528.0,2563.0,0
Mission Viejo,California,1.0,171282.0,2535.0,0
Modesto,California,2.0,99622.0,2390.0,0
Monrovia,California,2.0,131399.0,2433.0,0
Montclair,California,2.0,97057.0,2394.0,0
Montebello,California,2.0,97783.0,1804.0,0
Monterey,California,2.0,135392.0,2047.0,0
Monterey Park,California,2.0,103092.0,1741.0,0
Monte Sereno,California,1.0,398828.0,3901.0,0
Moorpark,California,1.0,179982.0,2670.0,0
Moraga,California,1.0,287094.0,3683.0,0
Moreno Valley,California,3.0,96919.0,2691.0,1
Morgan Hill,California,2.0,206662.0,3114.0,0
Morro Bay,California,1.0,112080.0,1606.0,0
Mountain View,California,2.0,154427.0,2536.0,0
Mountain View,California,1.0,291723.0,2216.0,0
Mount Shasta,California,4.0,70185.0,2566.0,1
Murrieta,California,2.0,128331.0,2646.0,0
Napa,California,2.0,140845.0,2754.0,0
National City,California,2.0,76213.0,1627.0,0
Needles,California,6.0,66238.0,3918.0,1
Nevada City,California,2.0,126126.0,3048.0,0
Newark,California,1.0,201667.0,2311.0,0
Newman,California,3.0,103752.0,2626.0,1
Newport Beach,California,1.0,215464.0,2507.0,0
Norco,California,2.0,141172.0,2895.0,0
Norwalk,California,2.0,108665.0,2255.0,0
Novato,California,2.0,203305.0,3131.0,0
Oakdale,California,2.0,110183.0,2620.0,0
Oakland,California,1.0,148156.0,2132.0,0
Oakley,California,2.0,150247.0,3104.0,0
Oceanside,California,2.0,114172.0,2115.0,0
Ojai,California,2.0,128329.0,2206.0,0
Ontario,California,2.0,98661.0,2278.0,0
Orange,California,2.0,157527.0,2447.0,0
Orange Cove,California,4.0,53081.0,2355.0,1
Orinda,California,1.0,324226.0,3916.0,0
Orland,California,4.0,76527.0,2689.0,1
Oroville,California,4.0,68720.0,2630.0,1
Oxnard,California,2.0,112664.0,1799.0,0
Pacifica,California,1.0,209116.0,2695.0,0
Pacific Grove,California,2.0,152897.0,2324.0,0
Palmdale,California,3.0,99409.0,3028.0,1
Palm Desert,California,2.0,122397.0,2948.0,0
Palm Springs,California,2.0,111888.0,2780.0,0
Palo Alto,California,1.0,340898.0,2303.0,0
Palos Verdes Estates,California,1.0,268511.0,3100.0,0
Paradise,California,4.0,74110.0,2723.0,1
Paramount,California,2.0,84078.0,1845.0,0
Parlier,California,3.0,74823.0,2457.0,1
Pasadena,California,1.0,146072.0,1990.0,0
Patterson,California,2.0,107241.0,2455.0,0
Perris,California,3.0,101876.0,2641.0,1
Petaluma,California,2.0,135286.0,2414.0,0
Pico Rivera,California,2.0,106002.0,2107.0,0
Piedmont,California,1.0,305913.0,3281.0,0
Pinole,California,2.0,141320.0,2658.0,0
Pismo Beach,California,1.0,130655.0,1519.0,0
Pittsburg,California,2.0,116337.0,2639.0,0
Placentia,California,2.0,139298.0,2424.0,0
Placerville,California,3.0,116466.0,3200.0,1
Pleasant Hill,California,2.0,157967.0,2414.0,0
Pleasanton,California,1.0,214158.0,2743.0,0
Pomona,California,2.0,93698.0,2241.0,0
Porterville,California,4.0,74024.0,2891.0,1
Port Hueneme,California,2.0,94029.0,1620.0,0
Portola Valley,California,1.0,417477.0,4651.0,0
Poway,California,2.0,174756.0,2705.0,0
Rancho Cordova,California,2.0,109319.0,1988.0,0
Rancho Cucamonga,California,2.0,132684.0,2748.0,0
Rancho Mirage,California,2.0,147029.0,3254.0,0
Rancho Palos Verdes,California,1.0,234162.0,2781.0,0
Rancho Santa Margarita,California,1.0,188724.0,2811.0,0
Red Bluff,California,4.0,69734.0,2477.0,1
Redding,California,3.0,91327.0,2353.0,1
Redlands,California,2.0,128299.0,2570.0,0
Redondo Beach,California,1.0,202973.0,1969.0,0
Redwood City,California,1.0,283326.0,2755.0,0
Reedley,California,3.0,83124.0,2672.0,1
Rialto,California,3.0,100376.0,2519.0,1
Richmond,California,2.0,111320.0,2285.0,0
Ridgecrest,California,3.0,102888.0,2674.0,1
Rio Dell,California,4.0,70277.0,2660.0,1
Rio Vista,California,2.0,105859.0,2259.0,0
Ripon,California,2.0,140466.0,2991.0,0
Riverbank,California,2.0,116847.0,2704.0,0
Riverside,California,2.0,108122.0,2120.0,0
Rocklin,California,2.0,150699.0,3019.0,0
Rohnert Park,California,2.0,118698.0,2189.0,0
Rolling Hills Estates,California,1.0,260299.0,3008.0,0
Rosemead,California,2.0,91916.0,1914.0,0
Roseville,California,2.0,137238.0,2108.0,0
Sacramento,California,2.0,106494.0,1959.0,0
St. Helena,California,1.0,200917.0,2930.0,0
Salinas,California,2.0,107119.0,2165.0,0
San Anselmo,California,1.0,335039.0,3302.0,0
San Bernardino,California,3.0,81535.0,2366.0,1
San Bruno,California,1.0,195838.0,2346.0,0
San Buenaventura (Ventura),California,1.0,119742.0,1741.0,0
San Carlos,California,1.0,332426.0,3011.0,0
San Clemente,California,1.0,201314.0,2476.0,0
San Diego,California,1.0,138197.0,1934.0,0
San Dimas,California,2.0,138497.0,2601.0,0
San Fernando,California,4.0,104226.0,3837.0,1
San Francisco,California,1.0,241107.0,1908.0,0
San Gabriel,California,2.0,121824.0,2326.0,0
Sanger,California,3.0,81592.0,2534.0,1
San Jacinto,California,3.0,85612.0,2726.0,1
San Joaquin,California,4.0,68693.0,2877.0,1
San Jose,California,1.0,210380.0,2624.0,0
San Juan Capistrano,California,1.0,188313.0,2527.0,0
San Leandro,California,1.0,136074.0,1901.0,0
San Luis Obispo,California,2.0,97466.0,1493.0,0
San Marcos,California,2.0,134304.0,2254.0,0
San Marino,California,1.0,215077.0,3101.0,0
San Mateo,California,1.0,256307.0,2465.0,0
San Pablo,California,2.0,96453.0,2208.0,0
San Rafael,California,1.0,230875.0,2722.0,0
San Ramon,California,1.0,254608.0,3213.0,0
Santa Ana,California,2.0,113670.0,1893.0,0
Santa Barbara,California,1.0,156124.0,1922.0,0
Santa Clara,California,1.0,230538.0,1295.0,0
Santa Clarita,California,2.0,145845.0,2750.0,0
Santa Cruz,California,1.0,170882.0,2402.0,0
Santa Fe Springs,California,2.0,103525.0,2139.0,0
Santa Maria,California,2.0,105506.0,1674.0,0
Santa Monica,California,1.0,170043.0,1866.0,0
Santa Paula,California,2.0,87288.0,1895.0,0
Santa Rosa,California,2.0,120399.0,2416.0,0
Santee,California,2.0,128199.0,2349.0,0
Saratoga,California,1.0,361044.0,3693.0,0
Sausalito,California,1.0,249722.0,2594.0,0
Scotts Valley,California,2.0,185107.0,3065.0,0
Seal Beach,California,1.0,121986.0,1646.0,0
Seaside,California,2.0,114717.0,2443.0,0
Sebastopol,California,2.0,133658.0,2604.0,0
Selma,California,4.0,63536.0,2506.0,1
Shafter,California,3.0,80232.0,2442.0,1
Shasta Lake,California,9.0,74611.0,6661.0,1
Sierra Madre,California,2.0,185193.0,2902.0,0
Signal Hill,California,1.0,128780.0,1805.0,0
Simi Valley,California,2.0,142532.0,2725.0,0
Solana Beach,California,1.0,190847.0,2409.0,0
Soledad,California,2.0,92563.0,2099.0,0
Solvang,California,1.0,163979.0,2263.0,0
Sonoma,California,2.0,143241.0,2595.0,0
Sonora,California,3.0,91752.0,3054.0,1
South El Monte,California,2.0,83962.0,2003.0,0
South Gate,California,2.0,84634.0,1777.0,0
South Lake Tahoe,California,3.0,107360.0,2811.0,1
South Pasadena,California,1.0,165285.0,2170.0,0
South San Francisco,California,1.0,199578.0,2443.0,0
Stanton,California,2.0,105613.0,1735.0,0
Stockton,California,3.0,93687.0,2773.0,1
Suisun City,California,2.0,117089.0,2665.0,0
Sunnyvale,California,1.0,267451.0,2015.0,0
Susanville,California,5.0,60510.0,3040.0,1
Sutter Creek,California,3.0,91669.0,2888.0,1
Taft,California,3.0,74927.0,2149.0,1
Tehachapi,California,3.0,76971.0,2582.0,1
Temecula,California,2.0,136599.0,2691.0,0
Temple City,California,2.0,136098.0,2538.0,0
Thousand Oaks,California,2.0,174741.0,2810.0,0
Tiburon,California,1.0,350822.0,3188.0,0
Torrance,California,1.0,145637.0,1850.0,0
Tracy,California,2.0,134781.0,2972.0,0
Truckee,California,3.0,155556.0,3911.0,1
Tulare,California,4.0,82257.0,2954.0,1
Turlock,California,2.0,100443.0,2350.0,0
Tustin,California,1.0,149266.0,2083.0,0
Twentynine Palms,California,4.0,66351.0,2326.0,1
Ukiah,California,3.0,83151.0,2754.0,1
Union City,California,1.0,179930.0,2261.0,0
Upland,California,2.0,121257.0,2399.0,0
Vacaville,California,2.0,128605.0,2732.0,0
Vallejo,California,2.0,110429.0,2416.0,0
Victorville,California,4.0,87547.0,3216.0,1
Villa Park,California,1.0,228661.0,3147.0,0
Visalia,California,3.0,98701.0,2911.0,1
Vista,California,2.0,115809.0,2169.0,0
Walnut,California,2.0,162218.0,2622.0,0
Walnut Creek,California,1.0,182810.0,2623.0,0
Wasco,California,4.0,61255.0,2249.0,1
Waterford,California,3.0,93199.0,2816.0,1
Watsonville,California,2.0,126032.0,2375.0,0
Weed,California,3.0,88973.0,2396.0,1
West Covina,California,2.0,121180.0,2432.0,0
West Hollywood,California,1.0,128800.0,1714.0,0
Westlake Village,California,2.0,264413.0,4361.0,0
Westminster,California,2.0,109761.0,2035.0,0
Westmorland,California,4.0,64317.0,2482.0,1
West Sacramento,California,2.0,123761.0,2507.0,0
Wheatland,California,3.0,107700.0,2934.0,1
Whittier,California,2.0,117830.0,2235.0,0
Wildomar,California,2.0,128867.0,2725.0,0
Williams,California,3.0,101443.0,3256.0,1
Willits,California,3.0,79319.0,2512.0,1
Willows,California,3.0,86007.0,2200.0,1
Windsor,California,2.0,155118.0,2944.0,0
Winters,California,2.0,161839.0,2779.0,0
Woodlake,California,4.0,69683.0,2695.0,1
Woodland,California,2.0,111797.0,2439.0,0
Woodside,California,1.0,440280.0,5098.0,0
Yorba Linda,California,2.0,179213.0,2753.0,0
Yountville,California,2.0,115588.0,2294.0,0
Yreka,California,3.0,71212.0,2374.0,1
Yuba City,California,3.0,89680.0,2666.0,1
Yucaipa,California,2.0,123584.0,2698.0,0
Yucca Valley,California,3.0,83836.0,2590.0,1
