geography_id,name,state,energy_burden,avg_annual_energy_cost,household_income,risk_label
600296,Adelanto,California,4.0,3215.0,78858.0,1
600394,Agoura Hills,California,2.0,4563.0,256846.0,0
600562,Alameda,California,1.0,1522.0,172637.0,0
600674,Albany,California,1.0,1997.0,186562.0,0
600884,Alhambra,California,2.0,1900.0,110962.0,0
600947,Aliso Viejo,California,1.0,2246.0,186033.0,0
601444,Alturas,California,4.0,2684.0,60275.0,1
601640,American Canyon,California,2.0,3146.0,168561.0,0
602000,Anaheim,California,1.0,1657.0,120260.0,0
602042,Anderson,California,4.0,2741.0,72223.0,1
602112,Angels,California,4.0,3178.0,88070.0,1
602252,Antioch,California,2.0,2880.0,121232.0,0
602364,Apple Valley,California,4.0,3271.0,89213.0,1
602462,Arcadia,California,2.0,2439.0,150491.0,0
602476,Arcata,California,3.0,2068.0,63642.0,1
602868,Arroyo Grande,California,1.0,1657.0,120932.0,0
602896,Artesia,California,2.0,2157.0,110973.0,0
602924,Arvin,California,5.0,2463.0,54244.0,1
603064,Atascadero,California,2.0,2307.0,125855.0,0
603092,Atherton,California,1.0,5054.0,443675.0,0
603162,Atwater,California,3.0,2455.0,84919.0,1
603204,Auburn,California,3.0,2879.0,107661.0,1
603274,Avalon,California,2.0,2349.0,113095.0,0
603302,Avenal,California,5.0,2723.0,57917.0,1
603386,Azusa,California,2.0,1787.0,103795.0,0
603526,Bakersfield,California,3.0,2823.0,99042.0,1
603666,Baldwin Park,California,2.0,2343.0,94937.0,0
603820,Banning,California,3.0,2752.0,79080.0,1
604030,Barstow,California,4.0,2776.0,68709.0,1
604758,Beaumont,California,3.0,2615.0,101139.0,1
604870,Bell,California,2.0,1564.0,71861.0,0
604982,Bellflower,California,2.0,1897.0,92255.0,0
604996,Bell Gardens,California,2.0,1550.0,67671.0,0
605108,Belmont,California,1.0,2883.0,316327.0,0
605290,Benicia,California,2.0,2605.0,145986.0,0
606000,Berkeley,California,1.0,1939.0,166516.0,0
606308,Beverly Hills,California,2.0,3440.0,216447.0,0
606434,Big Bear Lake,California,3.0,2657.0,104982.0,1
606798,Bishop,California,4.0,3028.0,82927.0,1
607218,Blythe,California,4.0,2866.0,72849.0,1
608058,Brawley,California,3.0,2388.0,83631.0,1
608100,Brea,California,2.0,2400.0,145490.0,0
608142,Brentwood,California,2.0,3126.0,162090.0,0
608310,Brisbane,California,1.0,2348.0,218771.0,0
608758,Buellton,California,1.0,1918.0,141790.0,0
608786,Buena Park,California,2.0,2050.0,131313.0,0
608954,Burbank,California,1.0,1568.0,127869.0,0
608968,Burbank,California,1.0,2204.0,160298.0,0
609066,Burlingame,California,1.0,3164.0,294294.0,0
609598,Calabasas,California,2.0,4290.0,243113.0,0
609710,Calexico,California,3.0,2401.0,69478.0,1
609780,California City,California,4.0,3082.0,75896.0,1
609864,Calimesa,California,2.0,2690.0,118050.0,0
609878,Calipatria,California,5.0,2184.0,44710.0,1
609892,Calistoga,California,2.0,2681.0,136444.0,0
610046,Camarillo,California,2.0,2229.0,144863.0,0
610345,Campbell,California,1.0,2430.0,218958.0,0
610928,Canyon Lake,California,2.0,2868.0,133642.0,0
611040,Capitola,California,1.0,2025.0,150978.0,0
611194,Carlsbad,California,1.0,2447.0,183695.0,0
611250,Carmel-by-the-Sea,California,2.0,2716.0,177146.0,0
611446,Carpinteria,California,1.0,1913.0,159371.0,0
611530,Carson,California,2.0,2076.0,125269.0,0
612048,Cathedral City,California,3.0,3041.0,98498.0,1
612524,Ceres,California,3.0,2396.0,86592.0,1
612552,Cerritos,California,2.0,2288.0,148963.0,0
613014,Chico,California,3.0,2431.0,92256.0,1
613210,Chino,California,2.0,2459.0,124864.0,0
613214,Chino Hills,California,2.0,2655.0,146416.0,0
613294,Chowchilla,California,4.0,2720.0,73303.0,1
613392,Chula Vista,California,2.0,2066.0,124677.0,0
613588,Citrus Heights,California,2.0,2050.0,92698.0,0
613756,Claremont,California,2.0,2651.0,151268.0,0
613882,Clayton,California,2.0,3922.0,231745.0,0
613945,Clearlake,California,5.0,2677.0,59491.0,1
614190,Cloverdale,California,2.0,2507.0,124415.0,0
614218,Clovis,California,2.0,2910.0,127733.0,0
614260,Coachella,California,4.0,2759.0,68390.0,1
614274,Coalinga,California,3.0,2383.0,88545.0,1
614890,Colton,California,2.0,1983.0,83902.0,0
614946,Colusa,California,3.0,2622.0,101868.0,1
614974,Commerce,California,2.0,1781.0,90742.0,0
615044,Compton,California,2.0,2049.0,84091.0,0
616000,Concord,California,2.0,2724.0,149357.0,0
616224,Corcoran,California,4.0,2567.0,70252.0,1
616322,Corning,California,4.0,2511.0,69740.0,1
616350,Corona,California,2.0,2672.0,130456.0,0
616378,Coronado,California,1.0,2462.0,193851.0,0
616462,Corte Madera,California,1.0,3050.0,328098.0,0
616532,Costa Mesa,California,1.0,1748.0,146347.0,0
616560,Cotati,California,2.0,2224.0,118388.0,0
616742,Covina,California,2.0,2266.0,116837.0,0
617022,Crescent City,California,4.0,2127.0,58742.0,1
617498,Cudahy,California,2.0,1467.0,60418.0,0
617568,Culver City,California,1.0,2358.0,167315.0,0
617610,Cupertino,California,1.0,3232.0,334409.0,0
617750,Cypress,California,1.0,2133.0,152267.0,0
617918,Daly City,California,1.0,2619.0,189173.0,0
617946,Dana Point,California,1.0,2228.0,171469.0,0
617988,Danville,California,1.0,3696.0,265612.0,0
618100,Davis,California,2.0,2152.0,115652.0,0
618394,Delano,California,4.0,2769.0,72176.0,1
618506,Del Mar,California,1.0,2439.0,240116.0,0
618996,Desert Hot Springs,California,4.0,2937.0,71268.0,1
619192,Diamond Bar,California,2.0,2405.0,138683.0,0
619318,Dinuba,California,3.0,2468.0,82230.0,1
619402,Dixon,California,2.0,2648.0,116225.0,0
619612,Dos Palos,California,3.0,2806.0,82521.0,1
619766,Downey,California,2.0,2106.0,113670.0,0
619990,Duarte,California,2.0,2189.0,113989.0,0
620018,Dublin,California,1.0,2581.0,219699.0,0
620956,East Palo Alto,California,1.0,3879.0,276283.0,0
621230,Eastvale,California,2.0,2863.0,173394.0,0
621712,El Cajon,California,2.0,1844.0,90462.0,0
621782,El Centro,California,3.0,2341.0,72958.0,1
621796,El Cerrito,California,1.0,2314.0,160478.0,0
621810,El Cerrito,California,2.0,3182.0,143214.0,0
622020,Elk Grove,California,2.0,2331.0,136213.0,0
622230,El Monte,California,2.0,1892.0,79787.0,0
622300,El Paso de Robles (Paso Robles),California,2.0,2307.0,112991.0,0
622412,El Segundo,California,1.0,1802.0,190706.0,0
622594,Emeryville,California,1.0,1139.0,150600.0,0
622678,Encinitas,California,1.0,2598.0,194195.0,0
622790,Escalon,California,3.0,2922.0,110059.0,1
622804,Escondido,California,2.0,2189.0,99259.0,0
623042,Eureka,California,3.0,2479.0,78273.0,1
623126,Exeter,California,3.0,2813.0,95215.0,1
623158,Fairfax,California,5.0,3216.0,63321.0,1
623168,Fairfax,California,1.0,3103.0,243056.0,0
623182,Fairfield,California,2.0,2551.0,115535.0,0
623616,Farmersville,California,5.0,2836.0,60656.0,1
624092,Fillmore,California,2.0,2409.0,126738.0,0
624134,Firebaugh,California,5.0,2363.0,49785.0,1
624638,Folsom,California,1.0,2203.0,166071.0,0
624680,Fontana,California,2.0,2415.0,112684.0,0
625058,Fort Bragg,California,4.0,2563.0,71350.0,1
625296,Fortuna,California,3.0,2488.0,82340.0,1
625338,Foster City,California,1.0,2346.0,274657.0,0
625380,Fountain Valley,California,1.0,2193.0,150146.0,0
625436,Fowler,California,3.0,2879.0,89555.0,1
626000,Fremont,California,1.0,2313.0,206457.0,0
627000,Fresno,California,3.0,2718.0,87905.0,1
628000,Fullerton,California,2.0,2370.0,135477.0,0
628112,Galt,California,2.0,2190.0,112317.0,0
628168,Gardena,California,2.0,1768.0,94535.0,0
629000,Garden Grove,California,2.0,1978.0,115693.0,0
629504,Gilroy,California,2.0,3160.0,186546.0,0
630000,Glendale,California,2.0,1821.0,117623.0,0
630014,Glendora,California,2.0,2672.0,138416.0,0
630378,Goleta,California,1.0,2002.0,163835.0,0
630392,Gonzales,California,3.0,2025.0,75614.0,1
630658,Grand Terrace,California,2.0,2192.0,113653.0,0
630798,Grass Valley,California,3.0,2554.0,79543.0,1
630987,Greenfield,California,3.0,2771.0,80391.0,1
630994,Greenfield,California,2.0,2201.0,97030.0,0
631260,Gridley,California,3.0,3088.0,92360.0,1
631393,Grover Beach,California,2.0,1605.0,102963.0,0
631414,Guadalupe,California,2.0,2170.0,99869.0,0
631568,Gustine,California,4.0,2516.0,71333.0,1
631708,Half Moon Bay,California,1.0,3054.0,290271.0,0
631960,Hanford,California,3.0,2803.0,97383.0,1
632506,Hawaiian Gardens,California,2.0,1902.0,95802.0,0
632548,Hawthorne,California,2.0,1596.0,95087.0,0
633000,Hayward,California,2.0,2262.0,135114.0,0
633056,Healdsburg,California,2.0,2828.0,140879.0,0
633182,Hemet,California,3.0,2489.0,71471.0,1
633308,Hercules,California,2.0,2497.0,159705.0,0
633364,Hermosa Beach,California,1.0,1888.0,211716.0,0
633434,Hesperia,California,4.0,3266.0,83687.0,1
633588,Highland,California,3.0,2698.0,105965.0,1
633798,Hillsborough,California,1.0,4931.0,423024.0,0
634120,Hollister,California,2.0,2497.0,124699.0,0
634246,Holtville,California,3.0,2369.0,79734.0,1
634904,Hughson,California,2.0,2394.0,116335.0,0
636000,Huntington Beach,California,1.0,2014.0,155130.0,0
636056,Huntington Park,California,2.0,1547.0,70572.0,0
636084,Huron,California,4.0,2480.0,70669.0,1
636280,Imperial,California,3.0,2616.0,102920.0,1
636294,Imperial Beach,California,2.0,1588.0,91836.0,0
636434,Indian Wells,California,2.0,3029.0,132796.0,0
636448,Indio,California,3.0,2806.0,92781.0,1
636546,Inglewood,California,2.0,1873.0,88595.0,0
636672,Ione,California,3.0,2867.0,96749.0,1
636770,Irvine,California,1.0,2007.0,170802.0,0
636980,Jackson,California,3.0,2963.0,94540.0,1
637692,Jurupa Valley,California,2.0,2648.0,118121.0,0
638226,Kerman,California,3.0,2614.0,84141.0,1
638520,King City,California,3.0,2048.0,77988.0,1
638562,Kingsburg,California,3.0,2834.0,95563.0,1
639003,La Cañada Flintridge,California,1.0,3624.0,258563.0,0
639122,Lafayette,California,1.0,3606.0,294666.0,0
639178,Laguna Beach,California,1.0,2725.0,212824.0,0
639220,Laguna Hills,California,1.0,2336.0,168955.0,0
639248,Laguna Niguel,California,1.0,2383.0,190703.0,0
639259,Laguna Woods,California,2.0,1756.0,101792.0,0
639290,La Habra,California,2.0,2362.0,124298.0,0
639304,La Habra Heights,California,1.0,3045.0,244025.0,0
639486,Lake Elsinore,California,2.0,2579.0,108402.0,0
639496,Lake Forest,California,1.0,2577.0,173124.0,0
639710,Lakeport,California,3.0,2739.0,89854.0,1
639892,Lakewood,California,2.0,2094.0,135376.0,0
640004,La Mesa,California,2.0,1948.0,114607.0,0
640032,La Mirada,California,2.0,2223.0,121829.0,0
640130,Lancaster,California,3.0,2772.0,89052.0,1
640256,La Palma,California,2.0,2210.0,146198.0,0
640340,La Puente,California,2.0,2223.0,103841.0,0
640354,La Quinta,California,2.0,3124.0,137954.0,0
640438,Larkspur,California,1.0,2817.0,293840.0,0
640704,Lathrop,California,2.0,3061.0,125837.0,0
640830,La Verne,California,2.0,2636.0,134399.0,0
640886,Lawndale,California,2.0,1908.0,93697.0,0
641124,Lemon Grove,California,2.0,2247.0,102376.0,0
641152,Lemoore,California,3.0,2540.0,90034.0,1
641474,Lincoln,California,2.0,2855.0,134106.0,0
641712,Lindsay,California,4.0,2734.0,60823.0,1
641922,Live Oak,California,1.0,2267.0,166858.0,0
641936,Live Oak,California,3.0,3048.0,88553.0,1
641992,Livermore,California,1.0,2835.0,201316.0,0
642006,Livingston,California,3.0,2465.0,80937.0,1
642202,Lodi,California,2.0,2317.0,102762.0,0
642370,Loma Linda,California,2.0,2014.0,92634.0,0
642468,Lomita,California,2.0,2281.0,150658.0,0
642524,Lompoc,California,2.0,2024.0,85612.0,0
643000,Long Beach,California,2.0,1769.0,108236.0,0
643140,Loomis,California,2.0,3148.0,150342.0,0
643224,Los Alamitos,California,1.0,1941.0,140701.0,0
643280,Los Altos,California,1.0,3590.0,400389.0,0
643294,Los Altos Hills,California,1.0,4210.0,417258.0,0
644000,Los Angeles,California,2.0,2024.0,119099.0,0
644028,Los Banos,California,3.0,2743.0,91102.0,1
644112,Los Gatos,California,1.0,3420.0,337831.0,0
644574,Lynwood,California,2.0,1871.0,87713.0,0
644826,McFarland,California,4.0,2436.0,66910.0,1
645022,Madera,California,3.0,2699.0,85199.0,1
645246,Malibu,California,2.0,4870.0,278650.0,0
645358,Mammoth Lakes,California,3.0,2822.0,100856.0,1
645400,Manhattan Beach,California,1.0,2316.0,258485.0,0
645484,Manteca,California,3.0,2800.0,108995.0,1
645778,Marina,California,2.0,2130.0,118015.0,0
646114,Martinez,California,2.0,2546.0,160012.0,0
646170,Marysville,California,3.0,2351.0,68919.0,1
646492,Maywood,California,2.0,1601.0,72249.0,0
646828,Mendota,California,5.0,2374.0,49136.0,1
646842,Menifee,California,2.0,2503.0,110168.0,0
646870,Menlo Park,California,1.0,3668.0,350839.0,0
646898,Merced,California,3.0,2313.0,74823.0,1
647486,Millbrae,California,1.0,3291.0,291518.0,0
647710,Mill Valley,California,1.0,3350.0,355451.0,0
647766,Milpitas,California,1.0,2563.0,228528.0,0
648256,Mission Viejo,California,1.0,2535.0,171282.0,0
648354,Modesto,California,2.0,2390.0,99622.0,0
648648,Monrovia,California,2.0,2433.0,131399.0,0
648788,Montclair,California,2.0,2394.0,97057.0,0
648816,Montebello,California,2.0,1804.0,97783.0,0
648872,Monterey,California,2.0,2047.0,135392.0,0
648914,Monterey Park,California,2.0,1741.0,103092.0,0
648956,Monte Sereno,California,1.0,3901.0,398828.0,0
649138,Moorpark,California,1.0,2670.0,179982.0,0
649187,Moraga,California,1.0,3683.0,287094.0,0
649270,Moreno Valley,California,3.0,2691.0,96919.0,1
649278,Morgan Hill,California,2.0,3114.0,206662.0,0
649362,Morro Bay,California,1.0,1606.0,112080.0,0
649651,Mountain View,California,2.0,2536.0,154427.0,0
649670,Mountain View,California,1.0,2216.0,291723.0,0
649852,Mount Shasta,California,4.0,2566.0,70185.0,1
650076,Murrieta,California,2.0,2646.0,128331.0,0
650258,Napa,California,2.0,2754.0,140845.0,0
650398,National City,California,2.0,1627.0,76213.0,0
650734,Needles,California,6.0,3918.0,66238.0,1
650874,Nevada City,California,2.0,3048.0,126126.0,0
650916,Newark,California,1.0,2311.0,201667.0,0
651140,Newman,California,3.0,2626.0,103752.0,1
651182,Newport Beach,California,1.0,2507.0,215464.0,0
651560,Norco,California,2.0,2895.0,141172.0,0
652526,Norwalk,California,2.0,2255.0,108665.0,0
652582,Novato,California,2.0,3131.0,203305.0,0
652694,Oakdale,California,2.0,2620.0,110183.0,0
653000,Oakland,California,1.0,2132.0,148156.0,0
653070,Oakley,California,2.0,3104.0,150247.0,0
653322,Oceanside,California,2.0,2115.0,114172.0,0
653476,Ojai,California,2.0,2206.0,128329.0,0
653896,Ontario,California,2.0,2278.0,98661.0,0
653980,Orange,California,2.0,2447.0,157527.0,0
654008,Orange Cove,California,4.0,2355.0,53081.0,1
654232,Orinda,California,1.0,3916.0,324226.0,0
654274,Orland,California,4.0,2689.0,76527.0,1
654386,Oroville,California,4.0,2630.0,68720.0,1
654652,Oxnard,California,2.0,1799.0,112664.0,0
654806,Pacifica,California,1.0,2695.0,209116.0,0
654848,Pacific Grove,California,2.0,2324.0,152897.0,0
655156,Palmdale,California,3.0,3028.0,99409.0,1
655184,Palm Desert,California,2.0,2948.0,122397.0,0
655254,Palm Springs,California,2.0,2780.0,111888.0,0
655282,Palo Alto,California,1.0,2303.0,340898.0,0
655380,Palos Verdes Estates,California,1.0,3100.0,268511.0,0
655520,Paradise,California,4.0,2723.0,74110.0,1
655618,Paramount,California,2.0,1845.0,84078.0,0
655856,Parlier,California,3.0,2457.0,74823.0,1
656000,Pasadena,California,1.0,1990.0,146072.0,0
656112,Patterson,California,2.0,2455.0,107241.0,0
656700,Perris,California,3.0,2641.0,101876.0,1
656784,Petaluma,California,2.0,2414.0,135286.0,0
656924,Pico Rivera,California,2.0,2107.0,106002.0,0
656938,Piedmont,California,1.0,3281.0,305913.0,0
657288,Pinole,California,2.0,2658.0,141320.0,0
657414,Pismo Beach,California,1.0,1519.0,130655.0,0
657456,Pittsburg,California,2.0,2639.0,116337.0,0
657526,Placentia,California,2.0,2424.0,139298.0,0
657540,Placerville,California,3.0,3200.0,116466.0,1
657764,Pleasant Hill,California,2.0,2414.0,157967.0,0
657792,Pleasanton,California,1.0,2743.0,214158.0,0
658072,Pomona,California,2.0,2241.0,93698.0,0
658240,Porterville,California,4.0,2891.0,74024.0,1
658296,Port Hueneme,California,2.0,1620.0,94029.0,0
658380,Portola Valley,California,1.0,4651.0,417477.0,0
658520,Poway,California,2.0,2705.0,174756.0,0
659444,Rancho Cordova,California,2.0,1988.0,109319.0,0
659451,Rancho Cucamonga,California,2.0,2748.0,132684.0,0
659500,Rancho Mirage,California,2.0,3254.0,147029.0,0
659514,Rancho Palos Verdes,California,1.0,2781.0,234162.0,0
659587,Rancho Santa Margarita,California,1.0,2811.0,188724.0,0
659892,Red Bluff,California,4.0,2477.0,69734.0,1
659920,Redding,California,3.0,2353.0,91327.0,1
659962,Redlands,California,2.0,2570.0,128299.0,0
660018,Redondo Beach,California,1.0,1969.0,202973.0,0
660102,Redwood City,California,1.0,2755.0,283326.0,0
660242,Reedley,California,3.0,2672.0,83124.0,1
660466,Rialto,California,3.0,2519.0,100376.0,1
660620,Richmond,California,2.0,2285.0,111320.0,0
660704,Ridgecrest,California,3.0,2674.0,102888.0,1
660900,Rio Dell,California,4.0,2660.0,70277.0,1
660984,Rio Vista,California,2.0,2259.0,105859.0,0
661026,Ripon,California,2.0,2991.0,140466.0,0
661068,Riverbank,California,2.0,2704.0,116847.0,0
662000,Riverside,California,2.0,2120.0,108122.0,0
662364,Rocklin,California,2.0,3019.0,150699.0,0
662546,Rohnert Park,California,2.0,2189.0,118698.0,0
662644,Rolling Hills Estates,California,1.0,3008.0,260299.0,0
662896,Rosemead,California,2.0,1914.0,91916.0,0
662938,Roseville,California,2.0,2108.0,137238.0,0
664000,Sacramento,California,2.0,1959.0,106494.0,0
664140,St. Helena,California,1.0,2930.0,200917.0,0
664224,Salinas,California,2.0,2165.0,107119.0,0
664434,San Anselmo,California,1.0,3302.0,335039.0,0
665000,San Bernardino,California,3.0,2366.0,81535.0,1
665028,San Bruno,California,1.0,2346.0,195838.0,0
665042,San Buenaventura (Ventura),California,1.0,1741.0,119742.0,0
665070,San Carlos,California,1.0,3011.0,332426.0,0
665084,San Clemente,California,1.0,2476.0,201314.0,0
666000,San Diego,California,1.0,1934.0,138197.0,0
666070,San Dimas,California,2.0,2601.0,138497.0,0
666140,San Fernando,California,4.0,3837.0,104226.0,1
667000,San Francisco,California,1.0,1908.0,241107.0,0
667042,San Gabriel,California,2.0,2326.0,121824.0,0
667056,Sanger,California,3.0,2534.0,81592.0,1
667112,San Jacinto,California,3.0,2726.0,85612.0,1
667126,San Joaquin,California,4.0,2877.0,68693.0,1
668000,San Jose,California,1.0,2624.0,210380.0,0
668028,San Juan Capistrano,California,1.0,2527.0,188313.0,0
668084,San Leandro,California,1.0,1901.0,136074.0,0
668154,San Luis Obispo,California,2.0,1493.0,97466.0,0
668196,San Marcos,California,2.0,2254.0,134304.0,0
668224,San Marino,California,1.0,3101.0,215077.0,0
668252,San Mateo,California,1.0,2465.0,256307.0,0
668294,San Pablo,California,2.0,2208.0,96453.0,0
668364,San Rafael,California,1.0,2722.0,230875.0,0
668378,San Ramon,California,1.0,3213.0,254608.0,0
669000,Santa Ana,California,2.0,1893.0,113670.0,0
669070,Santa Barbara,California,1.0,1922.0,156124.0,0
669084,Santa Clara,California,1.0,1295.0,230538.0,0
669088,Santa Clarita,California,2.0,2750.0,145845.0,0
669112,Santa Cruz,California,1.0,2402.0,170882.0,0
669154,Santa Fe Springs,California,2.0,2139.0,103525.0,0
669196,Santa Maria,California,2.0,1674.0,105506.0,0
670000,Santa Monica,California,1.0,1866.0,170043.0,0
670042,Santa Paula,California,2.0,1895.0,87288.0,0
670098,Santa Rosa,California,2.0,2416.0,120399.0,0
670224,Santee,California,2.0,2349.0,128199.0,0
670280,Saratoga,California,1.0,3693.0,361044.0,0
670364,Sausalito,California,1.0,2594.0,249722.0,0
670588,Scotts Valley,California,2.0,3065.0,185107.0,0
670686,Seal Beach,California,1.0,1646.0,121986.0,0
670742,Seaside,California,2.0,2443.0,114717.0,0
670770,Sebastopol,California,2.0,2604.0,133658.0,0
670882,Selma,California,4.0,2506.0,63536.0,1
671106,Shafter,California,3.0,2442.0,80232.0,1
671225,Shasta Lake,California,9.0,6661.0,74611.0,1
671806,Sierra Madre,California,2.0,2902.0,185193.0,0
671876,Signal Hill,California,1.0,1805.0,128780.0,0
672016,Simi Valley,California,2.0,2725.0,142532.0,0
672506,Solana Beach,California,1.0,2409.0,190847.0,0
672520,Soledad,California,2.0,2099.0,92563.0,0
672576,Solvang,California,1.0,2263.0,163979.0,0
672646,Sonoma,California,2.0,2595.0,143241.0,0
672674,Sonora,California,3.0,3054.0,91752.0,1
672996,South El Monte,California,2.0,2003.0,83962.0,0
673080,South Gate,California,2.0,1777.0,84634.0,0
673108,South Lake Tahoe,California,3.0,2811.0,107360.0,1
673220,South Pasadena,California,1.0,2170.0,165285.0,0
673262,South San Francisco,California,1.0,2443.0,199578.0,0
673962,Stanton,California,2.0,1735.0,105613.0,0
675000,Stockton,California,3.0,2773.0,93687.0,1
675630,Suisun City,California,2.0,2665.0,117089.0,0
677000,Sunnyvale,California,1.0,2015.0,267451.0,0
677364,Susanville,California,5.0,3040.0,60510.0,1
677392,Sutter Creek,California,3.0,2888.0,91669.0,1
677574,Taft,California,3.0,2149.0,74927.0,1
678092,Tehachapi,California,3.0,2582.0,76971.0,1
678120,Temecula,California,2.0,2691.0,136599.0,0
678148,Temple City,California,2.0,2538.0,136098.0,0
678582,Thousand Oaks,California,2.0,2810.0,174741.0,0
678666,Tiburon,California,1.0,3188.0,350822.0,0
680000,Torrance,California,1.0,1850.0,145637.0,0
680238,Tracy,California,2.0,2972.0,134781.0,0
680588,Truckee,California,3.0,3911.0,155556.0,1
680644,Tulare,California,4.0,2954.0,82257.0,1
680812,Turlock,California,2.0,2350.0,100443.0,0
680854,Tustin,California,1.0,2083.0,149266.0,0
680994,Twentynine Palms,California,4.0,2326.0,66351.0,1
681134,Ukiah,California,3.0,2754.0,83151.0,1
681204,Union City,California,1.0,2261.0,179930.0,0
681344,Upland,California,2.0,2399.0,121257.0,0
681554,Vacaville,California,2.0,2732.0,128605.0,0
681666,Vallejo,California,2.0,2416.0,110429.0,0
682590,Victorville,California,4.0,3216.0,87547.0,1
682744,Villa Park,California,1.0,3147.0,228661.0,0
682954,Visalia,California,3.0,2911.0,98701.0,1
682996,Vista,California,2.0,2169.0,115809.0,0
683332,Walnut,California,2.0,2622.0,162218.0,0
683346,Walnut Creek,California,1.0,2623.0,182810.0,0
683542,Wasco,California,4.0,2249.0,61255.0,1
683612,Waterford,California,3.0,2816.0,93199.0,1
683668,Watsonville,California,2.0,2375.0,126032.0,0
683850,Weed,California,3.0,2396.0,88973.0,1
684200,West Covina,California,2.0,2432.0,121180.0,0
684410,West Hollywood,California,1.0,1714.0,128800.0,0
684438,Westlake Village,California,2.0,4361.0,264413.0,0
684550,Westminster,California,2.0,2035.0,109761.0,0
684606,Westmorland,California,4.0,2482.0,64317.0,1
684816,West Sacramento,California,2.0,2507.0,123761.0,0
685012,Wheatland,California,3.0,2934.0,107700.0,1
685292,Whittier,California,2.0,2235.0,117830.0,0
685446,Wildomar,California,2.0,2725.0,128867.0,0
685586,Williams,California,3.0,3256.0,101443.0,1
685600,Willits,California,3.0,2512.0,79319.0,1
685684,Willows,California,3.0,2200.0,86007.0,1
685922,Windsor,California,2.0,2944.0,155118.0,0
686034,Winters,California,2.0,2779.0,161839.0,0
686300,Woodlake,California,4.0,2695.0,69683.0,1
686328,Woodland,California,2.0,2439.0,111797.0,0
686440,Woodside,California,1.0,5098.0,440280.0,0
686832,Yorba Linda,California,2.0,2753.0,179213.0,0
686930,Yountville,California,2.0,2294.0,115588.0,0
686944,Yreka,California,3.0,2374.0,71212.0,1
686972,Yuba City,California,3.0,2666.0,89680.0,1
687042,Yucaipa,California,2.0,2698.0,123584.0,0
687056,Yucca Valley,California,3.0,2590.0,83836.0,1
